Family ,Species name,Arabic name,Growth form,Life span,Life form,Chorotype
Acanthaceae,Blepharis ciliaris (L.) B.L. Burtt,سحاة - شوك الضب,Herb,Ann.,Ch,IR-TR+SA-SI+S-Z
Aizoaceae,Aizoanthemopsis hispanica (L.) Klak,المليح,Herb,Ann.,Th,ME+SA-SI
Aizoaceae,Aizoon canariense L.,دعاع- حدق--هداك,Herb,Ann.,Hem,SA-SI+S-Z
Aizoaceae,Zaleya pentandra (L.) C.Jeffrey,زالية,Herb,Ann.,Hem,S-Z
Amaranthaceae,Amaranthus albus L., ثفلة,Herb,Ann.,Th,PAL
Amaranthaceae,Bassia eriophora (Schrad.) Asch.,قضقاض,Herb,Ann.,Th,IR-TR+SA-SI
Amaranthaceae,Bassia muricata (L.) Asch,ذنبان – هيثم - هويمدان,Herb,Ann.,Th,IR-TR+SA-SI
Amaranthaceae,"Chenopodiastrum murale (L.) S. Fuentes, Uotila & Borsch",عفینة - عویجمان,Herb,Ann.,Th,COSM
Amaranthaceae,Chenopodium album L., زربيح,Herb,Ann.,Th,COSM
Amaranthaceae,Chenopodium ficifolium Sm.,رمرام - الغبَيرة,Herb,Ann.,Th,ME+EU
Amaranthaceae,Suaeda aegyptiaca (Hasselq.) Zohary ,سواد - سويد,Herb,Ann.,Hem,SA-SI 
Amaryllidaceae,Allium sphaerocephalon subsp. Sphaerocephalon,ثوم كروي الرأس,Herb,Per.,Ge,ME
Amaryllidaceae,Pancratium sickenbergeri Asch. & Schweinf.,بصيل - طيطان,Herb,Ann.,Ge,SA-SI 
Apiaceae,Anisosciadium lanatum Boiss.,بسباس,Herb,Ann.,Th,IR-TR+SA-SI
Apiaceae,Ducrosia anethifolia (DC.) Boiss.,حزا –حزاز,Herb,Bi  ,Hem,IR-TR
Asparagaceae,Dipcadi erythraeum Webb & Berthel.,زعيطمان - عنيصل,Herb,Per.,Ge,SA-SI 
Asphodelaceae,Asphodelus tenuifolius Cav.,بروق - عنصل,Herb,Ann.,Cr,SA-SI+S-Z
Asteraceae,Anthemis deserti Boiss.,نوار - ربيان أصفر,Herb,Ann.,Th,ME+SA-SI
Asteraceae,Atractylis carduus (Forssk.) C.Chr.,بهيمة – خرشف - شوك جمال -خشيرة,Herb,Ann.,Th,COSM
Asteraceae,Calendula arvensis L.,حنوه,Herb,Ann.,Th,ME+IR-TR+SA-SI
Asteraceae,Calendula tripterocarpa Rupr,حذوة,Herb,Ann.,Th,PAN
Asteraceae,Carduus getulus pomel,اللسان المغربي,Herb,Ann.,Th,SA-SI 
Asteraceae,Carthamus nitidus Boiss.,سـمنـة,Herb,Ann.,Th,SA-SI 
Asteraceae,Carthamus oxyacanthus M.Bieb,سمتة - عصفر,Herb,Ann.,Th,IR-TR+SA-SI
Asteraceae,Centaurea bruguieriana subsp. belangeriana (DC.) Bornm.,شويكة - مرار,Herb,Ann.,Th,IR-TR
Asteraceae,Centaurea pseudosinaica Czerep.,مرار,Herb,Ann.,Th,IR-TR
Asteraceae,Cichorium intybus L.,هندباء,Herb,Ann.,Th,ME+IR-TR
Asteraceae,Echinops hystrichoides Kit Tan,خرشوف - الخشير,Herb,Per.,Hem,ME+SA-SI
Asteraceae,Erigeron bonariensis L.,حشيشة الجبل,Herb,Ann.,Ph,ME
Asteraceae,Filago desertorum Pomel,قطيبة - قريط,Herb,Ann.,Th,IR-TR+SA-SI
Asteraceae,Filago pyramidata L ,قربط هرمي - قطنية,Herb,Ann.,Th,ME
Asteraceae,Gymnarrhena micrantha Desf.,عين بعارين - خف الكلبة,Herb,Ann.,Th,ME+SA-SI
Asteraceae,Ifloga spicata (Forssk.) Sch.Bip.,شجرة المعزة – ذيل القط,Herb,Ann.,Th,ME+SA-SI
Asteraceae,Koelpinia linearis Pall.,ثعلوق – لحية التيس,Herb,Ann.,Th,ME+IR-TR+SA-SI
Asteraceae,Lactuca serriola L.,فاجنولون,Herb,Ann. or Bi.,Th,IR-TR
Asteraceae,Launaea angustifolia (Desf.) Kuntze,بقمة - مرار,Herb,Ann.,Th,ME+SA-SI
Asteraceae,Launaea capitata (Spreng.) Dandy,حواء,Herb,Ann.,Th,IR-TR+SA-SI
Asteraceae,Matricaria aurea (Loefl.) Sch.Bip.,بابونج – زفيرة - عطفرة,Herb,Ann.,Th,SA-SI 
Asteraceae,Onopordum acanthium L,أقسون شوكي,Herb,Bi  ,Hem,IR-TR+SA-SI
Asteraceae,Otoglyphis factorovskyi (Warb. & Eig) Oberpr. & Vogt,بابونج صغير,Herb,Ann.,Ch,ME+EU
Asteraceae,Pallenis hierochuntica (Michon) Greuter ,عين البقر ,Herb,Ann.,Th,IR-TR+SA-SI
Asteraceae,Phonus lanatus (L.) Hill,قرطم صوفي,Herb,Ann.,Th,ME+EU
Asteraceae,Picris cyanocarpa Boiss.,حوذان ,Herb,Ann.,Th,SA-SI 
Asteraceae,Picris longirostris Sch.Bip,حوذان,Herb,Ann.,Th,IR-TR
Asteraceae,Pseudopodospermum hispanicum (L.) ,دبح زراعي – قعبارون -فومي أسود - سلسفيل أسود,Herb,Ann.,Th,ME
Asteraceae,Reichardia tingitana (L.) Roth,خزام - لبين,Herb,Ann.,Cr,ME+IR-TR+SA-SI
Asteraceae,Senecio flavus (Decne.) Sch.Bip.,حمض بهايم ,Herb,Ann.,Th,SA-SI 
Asteraceae,Senecio glaucus L.,عر أصفر,Herb,Ann.,Ch,IR-TR+SA-SI
Asteraceae,Sonchus oleraceus L.,حواء بقر,Herb,Ann. or Bi.,Th,COSM
Asteraceae,Xanthium strumarium L,حشيشة الخنزيرة,Herb,Ann.,Th,COSM
Boraginaceae,Arnebia decumbens (Vent.) Coss. & Kralik,كحيل - نبيت المطر,Herb,Ann.,Ch,SA-SI+S-Z
Boraginaceae,Arnebia linearifolia DC.,دميم الغزال,Herb,Ann.,Th,IR-TR
Boraginaceae,Arnebia tinctoria Forssk.,كحيل ـ فنون,Herb,Ann.,Th,SA-SI+S-Z
Boraginaceae,Echium horridum Batt.,كحل,Herb,Ann.,Th,PAL
Boraginaceae,Echium rauwolfii Delile,كحيل ـ لسان الثور,Herb,Ann.,Th,S-Z
Boraginaceae,Gastrocotyle hispida (Forssk.) Bunge, شرجح - خيل أغبر,Herb,Ann.,Th,IR-TR+SA-SI
Boraginaceae,Heliotropium europaeum L., التنوم - الزيقاء الأوروبية - العقربانة,Herb,Ann.,Ch,ME+IR-TR
Boraginaceae,Heliotropium supinum L,كُديّه – زُريْقة - شوك الضَبْع,Herb,Ann.,Th,ME+IR-TR
Boraginaceae,Ogastemma pusillum (Coss. & Durieu ex Bonnet & Barratte) Brummitt,حميض,Herb,Ann.,Th,SA-SI 
Boraginaceae,Trichodesma africanum (L.) Sm.,حمحم,Herb,Ann.,Th,SA-SI+S-Z
Brassicaceae,Anastatica hierochuntica L., كف مريم,Herb,Ann.,Th,SA-SI 
Brassicaceae,Cakile arabica Velen.,الإسليح – السلّيم - فجل الجبل,Herb,Ann.,Th,ME+IR-TR
Brassicaceae,Capsella bursa-pastoris (L.) Medik.,کیس الراعي,Herb,Ann. or Bi.,Ch,COSM
Brassicaceae,Carrichtera annua (L.) DC.,ام قرين,Herb,Ann.,Th,ME+SA-SI
Brassicaceae,"Coincya tournefortii (Gouan) Alcaraz, T.E.Díaz, Rivas Mart. & Sánchez-Gómez",خردل بري - قراص,Herb,Ann.,Th,ME+SA-SI
Brassicaceae,Diplotaxis acris (Forssk.) Boiss.,جهق,Herb,Ann.,Th,ME+IR-TR
Brassicaceae,Diplotaxis harra (Forssk.) Boiss ,خفش - كنيزة,Herb,Ann.,Th,IR-TR+SA-SI
Brassicaceae,Eremobium aegyptiacum (Spreng.) Asch. ex Boiss.,تربة,Herb,Ann.,Hem,SA-SI 
Brassicaceae,Eruca sativa Mill.,جرجير,Herb,Ann.,Th,ME+IR-TR+SA-SI+EU
Brassicaceae,Erucaria hispanica (L.) Druce,السليح - الخردل الأبيض,Herb,Ann. or Bi.,Th,ME+SA-SI
Brassicaceae,Horwoodia dicksoniae Turrill,خزامى,Herb,Ann.,Th,SA-SI 
Brassicaceae,Lepidium aucheri Boiss.,كيسوم,Herb,Ann.,Hem,IR-TR
Brassicaceae,Matthiola longipetala (Vent.) DC.,شقارة,Herb,Ann.,Th,ME+IR-TR
Brassicaceae,Notoceras bicorne (Aiton) Amo,هثارا,Herb,Ann.,Th,SA-SI 
Brassicaceae,Rhamphospermum arvense (L.) Andrz. ex Besser,خردل بري - لفتة,Herb,Ann.,Th,ME
Brassicaceae,Savignya parviflora (Delile) Webb,رشاد جبلي,Herb,Ann.,Th,IR-TR+SA-SI
Brassicaceae,Schimpera arabica Hochst. & Steud.,صفراء – صفارا - صفيرة,Herb,Ann.,Th,SA-SI 
Brassicaceae,Sisymbrium irio L.,قراص حمار,Herb,Ann.,Th,ME+IR-TR+SA-SI+EU
Brassicaceae,Strigosella africana (L.) Botsch.,رجيجة,Herb,Ann.,Th,IR-TR
Caryophyllaceae,Gymnocarpos sclerocephalus (Decne.) Dahlgren & Thulin,هراس,Herb,Ann.,Ch,SA-SI 
Caryophyllaceae,Gypsophila capillaris (Forssk.) C.Chr., سليح – خمسات - عشب الذهبي - رقيجة,Herb,Per.,Ch,IR-TR
Caryophyllaceae,Paronychia arabica (L.) DC.,شدق الجمل,Herb,Ann.,Th,ME+IR-TR+SA-SI
Caryophyllaceae,Polycarpaea robbairea (Kuntze) Greuter & Burdet,لِحْيّة,Herb,Per.,Hem,ME+S-Z
Caryophyllaceae,Silene arabica Boiss.,  قرحان - تربة,Herb,Ann.,Th,SA-SI 
Caryophyllaceae,Silene villosa Forssk.,تربة بيضاء – بلة - قرحان,Herb,Ann.,Th,SA-SI 
Caryophyllaceae,Spergularia bocconei (Scheele) Graebn.,نعيمة بوكون,Herb,Ann. or Bi.,Th,COSM
Caryophyllaceae,Spergularia diandra (Guss.) Heldr., عضيد - أم ثريب,Herb,Ann. or Bi.,Th,ME+IR-TR+SA-SI
Caryophyllaceae,Spergularia flaccida (Madden) I.M.Turner ,الرقيقة,Herb,Ann.,Th,SA-SI 
Cistaceae,Helianthemum ledifolium (L.) Mill.,رقرون – جرثب - جريت,Herb,Ann.,Th,ME
Cistaceae,Helianthemum salicifolium (L.) Mill,رقروق صفصافي الأوراق,Herb,Ann.,Th,ME+IR-TR+SA-SI
Cleomaceae,Cleome amblyocarpa Barratte & Murb.,عفينة,Herb,Ann.,Th,SA-SI+S-Z
Convolvulaceae,Convolvulus fatmensis Kunze,بيندويد مصري,Herb,Ann.,Ge,SA-SI 
Convolvulaceae,Cuscuta pedicellata Ledeb.,عروق,Herb,Ann.,Par,IR-TR
Cucurbitaceae,Cucumis prophetarum L.,شرى الذئب,Herb,Ann.,Hem,ME+IR-TR+SA-SI+S-Z
Euphorbiaceae,Chrozophora tinctoria (L.) A.Juss.,تنوم - حيدقان,Herb,Ann.,Th,ME+SA-SI
Euphorbiaceae,Euphorbia dracunculoides Lam,عشبة الربو,Herb,Ann.,Hem,SA-SI+S-Z
Euphorbiaceae,Euphorbia granulata Forssk ,ملبانة – حليبة – أبولين – لبان,Herb,Ann.,Th,S-Z
Euphorbiaceae,Euphorbia retusa Forssk.,أم لبن - ملبانة,Herb,Ann.,Th,COSM
Fabaceae,Astragalus arpilobus subsp. hauarensis (Boiss.) Podlech ,قتاد,Herb,Ann.,Ch,S-Z
Fabaceae,Astragalus bombycinus Boiss., خناصر العروس,Herb,Ann.,Hem,IR-TR+SA-SI
Fabaceae,Astragalus crenatus Schult.,الحلج,Herb,Ann.,Th,IR-TR
Fabaceae,Astragalus schimperi Boiss.,كريدون أسود,Herb,Ann.,Th,ME
Fabaceae,Astragalus tribuloides Delile,بيض الجمل - بقل – شويط – قتاد,Herb,Ann.,Th,IR-TR+SA-SI
Fabaceae,Astragalus vogelii (Webb) Bornm.,فجعاى,Herb,Ann.,Th,SA-SI 
Fabaceae,Cullen plicatum (Delile) C.H.Stirt.,الحما,Herb,Ann.,Ch,SA-SI 
Fabaceae,Hippocrepis areolata Desv., شبيكة – أم القرين,Herb,Ann.,Th,ME+S-Z
Fabaceae,Lotus halophilus Boiss. & Spruner,قَرْن الغَزال - حُوربيث,Herb,Ann.,Th,ME
Fabaceae,Medicago laciniata (L.) Mill.,مداد – نفل – حسك,Herb,Ann.,Th,SA-SI 
Fabaceae,Melilotus indicus (L.) All.,حندقوق هندي,Herb,Ann.,Th,PAL
Fabaceae,Senna italica Mill.,عشرق - سنامكي,Herb,Per.,Ch,S-Z
Fabaceae,Trigonella glabra subsp. glabra,الحلبة المرداء,Herb,Ann.,Th,ME+SA-SI
Fabaceae,Trigonella stellata Forssk.,الحلبة - قرقاص,Herb,Ann.,Th,IR-TR+SA-SI
Geraniaceae,Erodium cicutarium (L.) L'Hér.,غزال - دردر - إبرة الراعي,Herb,Ann.,Th,ME+IR-TR+EU
Geraniaceae,Erodium laciniatum (Cav.) Willd.,بختري - كرش,Herb,Ann. or Bi.,Th,SA-SI 
Geraniaceae,Monsonia nivea (Decne.) Webb,دهمة - خزام - قرنوة,Herb,Ann.,Cr,SA-SI+S-Z
Iridaceae,Moraea sisyrinchium (L.) Ker Gawl.,خويص - السوسن البري,Herb,Per.,Ge,ME+IR-TR
Lamiaceae,Salvia spinosa L., لسان الثور – حرشا – شجرة الجمل - طعلبة,Herb,Ann.,Hem,ME+SA-SI
Liliaceae,Allium sindjarense Boiss. & Hausskn. ex Regel,ثوم سنجاري,Herb,Per.,Ge,IR-TR+SA-SI
Liliaceae,Gagea reticulata (Pall.) Schult. & Schult.f.,دهحريج - شعيفة,Herb,Per.,Ge,IR-TR
Malvaceae,"Malva ludwigii (L.) Soldano, Banfi & Galasso",ختمة,Herb,Ann.,Th,IR-TR+SA-SI
Malvaceae,Malva Parviflora L.,خبيزة - خبيز,Herb,Ann.,Th,ME+IR-TR
Malvaceae,Malva verticillata L.,خبازة - تمالة,Herb,Ann.,Th,ME+IR-TR
Molluginaceae,Glinus lotoides L., خبيز,Herb,Ann.,Hem,ME+IR-TR
Neuradaceae,Neurada procumbens L., سعدان,Herb,Ann.,Th,SA-SI 
Orobanchaceae,Cistanche phelypaea (L.) Cout.,ذانوب – باصول,Herb,Per.,Par,ME+IR-TR+SA-SI+S-Z
Orobanchaceae,Orobanche aegyptiaca Pers.,هالوك,Herb,Ann.,Par,IR-TR
Orobanchaceae,Orobanche cernua Loefl.,هالوك,Herb,Per.,Par,ME+IR-TR
Papaveraceae,Argemone mexicana L.,أرجيمون,Herb,Ann.,Ch,IR-TR
Papaveraceae,Glaucium corniculatum (L.) Rudolph,حضيمان – مميثا – خشخاش – مقرن,Herb,Ann.,Th,ME+IR-TR
Papaveraceae,Hypecoum pendulum L., ديدحان - حشيش – هشيم,Herb,Ann.,Th,ME+IR-TR
Plantaginaceae,Plantago amplexicaulis Cav.,خنانة النعجة – موسباك,Herb,Ann.,Th,ME+IR-TR+SA-SI
Plantaginaceae,Plantago boissieri Hausskn. & Bornm.,آذان الصخلة – ينم,Herb,Per.,Th,IR-TR+SA-SI
Plantaginaceae,Plantago ciliata Desf., قريطة – قرينة ,Herb,Ann.,Th,ME+IR-TR+SA-SI
Plantaginaceae,Plantago cylindrica Forssk,أم لبيدة – ربلة - يتم,Herb,Ann.,Th,IR-TR+SA-SI
Plantaginaceae,Plantago ovata Forssk.,لقمة النعجة,Herb,Ann.,Th,IR-TR+SA-SI
Plumbaginaceae,Limonium lobatum (L.f.) Chaz., سبساب,Herb,Ann.,Th,SA-SI 
Poaceae,Aristida adscensionis L.,غفوة - صفوة - الصفصف,Herb,Ann.,Th,SA-SI+S-Z
Poaceae,Cutandia memphitica (Spreng.) K.Richt.,ثيل – خافور,Herb,Ann.,Th,ME+IR-TR
Poaceae,Eragrostis cilianensis (All.) Vignolo ex Janch.,الأثب المهدب,Herb,Ann.,Th,PAL
Poaceae,Polypogon monspeliensis (L.) Desf.,ذيل القط,Herb,Ann.,Th,COSM
Poaceae,Schismus arabicus Nees, خافور – بهمة – سيسفان,Herb,Ann.,Th,ME+IR-TR+SA-SI
Poaceae,Schismus barbatus (L.) Thell, خافور – بهمة – سيسفان,Herb,Ann.,Th,ME+IR-TR+SA-SI
Polygonaceae,Polygonum argyrocoleon Steud. ex Kunze,البَطْبَاط - القرضاب,Herb,Ann.,Th,IR-TR
Polygonaceae,Rumex cyprius Murb.,قرطاب - بطباط,Herb,Ann.,Th,IR-TR+SA-SI
Polygonaceae,Rumex spinosus L. ,حماض شائك,Herb,Ann.,Th,ME+SA-SI
Polygonaceae,Rumex vesicarius L.,حميض - حمبيز,Herb,Ann.,Th,SA-SI 
Portulacaceae,Portulaca oleracea L.,بقلة - رجلة,Herb,Ann.,Th,COSM
Primulaceae,Lysimachia arvensis (L.) U.Manns & Anderb.,عوينة- لبين - عين الجمل,Herb,Ann.,Th,ME+IR-TR
Resedaceae,Caylusea hexagyna (Forssk.) M.L.Green,ذنيبة,Herb,Ann.,Th,SA-SI+S-Z
Resedaceae,Oligomeris linifolia (Vahl ex Hornem.) J.F.Macbr.,دنبان,Herb,Ann.,Th,ME+IR-TR
Resedaceae,Reseda arabica Boiss,خزام عربى – ريزيدة - ذنيبان,Herb,Ann.,Th,SA-SI 
Rubiaceae,Galium aparine L.,غليون أبيض - خشخاش أصفر - غليوم - بلسكاء,Herb,Ann.,Th,ME+IR-TR+EU
Solanaceae,Solanum nigrum L,ضميا – عنب الذئب,Herb,Ann.,Hem,ME+IR-TR
Urticaceae,Parietaria alsinefolia Delile,شدخ,Herb,Per.,Ch,SA-SI 
Zygophyllaceae,Peganum harmala L.,حرمل – هرمل – نقط,Herb,Per.,Hem,IR-TR+SA-SI
Zygophyllaceae,Seetzenia lanata (Willd.) Bullock,حبيان - أبو شوكة - متفلقة,Herb,Ann.,Th,S-Z
Zygophyllaceae,Tribulus macropterus Boiss,"شرشير، قطب",Herb,Ann.,Hem,S-Z
Zygophyllaceae,Tribulus terrestris L.,حسك - ضرس العجوز ,Herb,Ann.,Th,ME+S-Z
